<?xml version="1.0" encoding="UTF-8"?>
<ListView xmlns="http://soap.sforce.com/2006/04/metadata">
    <fullName>Submitted_Requests_Request</fullName>
    <columns>NAME</columns>
    <columns>Organization__c</columns>
    <columns>Project_Title__c</columns>
    <columns>Request_Date__c</columns>
    <columns>Disposition__c</columns>
    <columns>Status__c</columns>
    <columns>Type__c</columns>
    <filterScope>Queue</filterScope>
    <label>Board Review</label>
    <queue>Board_Review</queue>
    <sharedTo>
        <allInternalUsers></allInternalUsers>
    </sharedTo>
</ListView>
