<?xml version="1.0" encoding="UTF-8"?>
<GlobalValueSet xmlns="http://soap.sforce.com/2006/04/metadata">
    <customValue>
        <fullName>35007</fullName>
        <default>false</default>
        <label>35007</label>
    </customValue>
    <customValue>
        <fullName>35012</fullName>
        <default>false</default>
        <label>35012</label>
    </customValue>
    <customValue>
        <fullName>35025</fullName>
        <default>false</default>
        <label>35025</label>
    </customValue>
    <customValue>
        <fullName>35090</fullName>
        <default>false</default>
        <label>35090</label>
    </customValue>
    <customValue>
        <fullName>35107</fullName>
        <default>false</default>
        <label>35107</label>
    </customValue>
    <customValue>
        <fullName>35108</fullName>
        <default>false</default>
        <label>35108</label>
    </customValue>
    <customValue>
        <fullName>0</fullName>
        <default>false</default>
        <label>0</label>
    </customValue>
    <masterLabel>Form ID</masterLabel>
    <sorted>false</sorted>
</GlobalValueSet>
