<?xml version="1.0" encoding="UTF-8"?>
<GlobalValueSet xmlns="http://soap.sforce.com/2006/04/metadata">
    <customValue>
        <fullName>Business Unit 426</fullName>
        <default>false</default>
        <label>Business Unit 426</label>
    </customValue>
    <customValue>
        <fullName>Corporate MKA</fullName>
        <default>false</default>
        <label>Corporate MKA</label>
    </customValue>
    <customValue>
        <fullName>Foundation</fullName>
        <default>false</default>
        <label>Foundation</label>
    </customValue>
    <customValue>
        <fullName>SC Foundation</fullName>
        <default>false</default>
        <label>SC Foundation</label>
    </customValue>
    <masterLabel>Fund</masterLabel>
    <sorted>false</sorted>
</GlobalValueSet>
