<?xml version="1.0" encoding="UTF-8"?>
<GlobalValueSet xmlns="http://soap.sforce.com/2006/04/metadata">
    <customValue>
        <fullName>Ready to Pay</fullName>
        <default>false</default>
        <label>Ready to Pay</label>
    </customValue>
    <customValue>
        <fullName>Awaiting AP Payment</fullName>
        <default>false</default>
        <label>Awaiting AP Payment</label>
    </customValue>
    <customValue>
        <fullName>Awaiting Documentation</fullName>
        <default>false</default>
        <label>Awaiting Documentation</label>
    </customValue>
    <customValue>
        <fullName>Pending Review</fullName>
        <default>false</default>
        <label>Pending Review</label>
    </customValue>
    <customValue>
        <fullName>Staff Reviewing</fullName>
        <default>false</default>
        <label>Staff Reviewing</label>
    </customValue>
    <customValue>
        <fullName>Forwarded-Region</fullName>
        <default>false</default>
        <label>Forwarded-Region</label>
    </customValue>
    <customValue>
        <fullName>Region Review</fullName>
        <default>false</default>
        <label>Region Review</label>
    </customValue>
    <customValue>
        <fullName>Considered for Board</fullName>
        <default>false</default>
        <label>Considered for Board</label>
    </customValue>
    <customValue>
        <fullName>Written Consent</fullName>
        <default>false</default>
        <label>Written Consent</label>
    </customValue>
    <customValue>
        <fullName>Future Commitment</fullName>
        <default>false</default>
        <label>Future Commitment</label>
    </customValue>
    <customValue>
        <fullName>Closed Grant</fullName>
        <default>false</default>
        <label>Closed Grant</label>
    </customValue>
    <masterLabel>Status</masterLabel>
    <sorted>false</sorted>
</GlobalValueSet>
