<?xml version="1.0" encoding="UTF-8"?>
<CustomField xmlns="http://soap.sforce.com/2006/04/metadata">
    <fullName>Code_Table__c</fullName>
    <deleteConstraint>SetNull</deleteConstraint>
    <externalId>false</externalId>
    <label>Code Table</label>
    <referenceTo>Code_Table__c</referenceTo>
    <relationshipLabel>Codings</relationshipLabel>
    <relationshipName>CodingCodeTable</relationshipName>
    <required>false</required>
    <trackTrending>false</trackTrending>
    <type>Lookup</type>
</CustomField>
