<?xml version="1.0" encoding="UTF-8"?>
<Profile xmlns="http://soap.sforce.com/2006/04/metadata">
    <applicationVisibilities>
        <application>GPC_Grants</application>
        <default>false</default>
        <visible>false</visible>
    </applicationVisibilities>
    <applicationVisibilities>
        <application>GPC_Grants_Admin</application>
        <default>false</default>
        <visible>false</visible>
    </applicationVisibilities>
    <classAccesses>
        <apexClass>BBOrganization</apexClass>
        <enabled>false</enabled>
    </classAccesses>
    <classAccesses>
        <apexClass>InvokeRequest</apexClass>
        <enabled>false</enabled>
    </classAccesses>
    <classAccesses>
        <apexClass>OrganizationHTTPRequest</apexClass>
        <enabled>false</enabled>
    </classAccesses>
    <custom>false</custom>
    <fieldPermissions>
        <editable>false</editable>
        <field>Branch__c.BB_ID__c</field>
        <readable>false</readable>
    </fieldPermissions>
    <fieldPermissions>
        <editable>false</editable>
        <field>Branch__c.Code__c</field>
        <readable>false</readable>
    </fieldPermissions>
    <fieldPermissions>
        <editable>false</editable>
        <field>Branch__c.Description__c</field>
        <readable>false</readable>
    </fieldPermissions>
    <fieldPermissions>
        <editable>false</editable>
        <field>Code_Table__c.BB_ID__c</field>
        <readable>false</readable>
    </fieldPermissions>
    <fieldPermissions>
        <editable>false</editable>
        <field>Code_Table__c.Description__c</field>
        <readable>false</readable>
    </fieldPermissions>
    <fieldPermissions>
        <editable>false</editable>
        <field>CodingCodeTable__c.Code_Table__c</field>
        <readable>false</readable>
    </fieldPermissions>
    <fieldPermissions>
        <editable>false</editable>
        <field>CodingCodeTable__c.Coding_Detail__c</field>
        <readable>false</readable>
    </fieldPermissions>
    <fieldPermissions>
        <editable>false</editable>
        <field>CodingCodeTable__c.Coding__c</field>
        <readable>false</readable>
    </fieldPermissions>
    <fieldPermissions>
        <editable>false</editable>
        <field>CodingCodeTable__c.Description__c</field>
        <readable>false</readable>
    </fieldPermissions>
    <fieldPermissions>
        <editable>false</editable>
        <field>CodingLevel__c.Code__c</field>
        <readable>false</readable>
    </fieldPermissions>
    <fieldPermissions>
        <editable>false</editable>
        <field>CodingLevel__c.Coding__c</field>
        <readable>false</readable>
    </fieldPermissions>
    <fieldPermissions>
        <editable>false</editable>
        <field>CodingLevel__c.Description__c</field>
        <readable>false</readable>
    </fieldPermissions>
    <fieldPermissions>
        <editable>false</editable>
        <field>CodingLevel__c.Level_No__c</field>
        <readable>false</readable>
    </fieldPermissions>
    <fieldPermissions>
        <editable>false</editable>
        <field>CodingLevel__c.Level__c</field>
        <readable>false</readable>
    </fieldPermissions>
    <fieldPermissions>
        <editable>false</editable>
        <field>Coding__c.BB_ID__c</field>
        <readable>false</readable>
    </fieldPermissions>
    <fieldPermissions>
        <editable>false</editable>
        <field>Coding__c.Description__c</field>
        <readable>false</readable>
    </fieldPermissions>
    <fieldPermissions>
        <editable>false</editable>
        <field>Contact__c.BB_ID__c</field>
        <readable>false</readable>
    </fieldPermissions>
    <fieldPermissions>
        <editable>false</editable>
        <field>Contact__c.Email__c</field>
        <readable>false</readable>
    </fieldPermissions>
    <fieldPermissions>
        <editable>false</editable>
        <field>Contact__c.Name__c</field>
        <readable>false</readable>
    </fieldPermissions>
    <fieldPermissions>
        <editable>false</editable>
        <field>Declination_Reason__c.BB_ID__c</field>
        <readable>false</readable>
    </fieldPermissions>
    <fieldPermissions>
        <editable>false</editable>
        <field>Declination_Reason__c.Code__c</field>
        <readable>false</readable>
    </fieldPermissions>
    <fieldPermissions>
        <editable>false</editable>
        <field>Declination_Reason__c.Description__c</field>
        <readable>false</readable>
    </fieldPermissions>
    <fieldPermissions>
        <editable>false</editable>
        <field>Fund__c.Code__c</field>
        <readable>false</readable>
    </fieldPermissions>
    <fieldPermissions>
        <editable>false</editable>
        <field>Fund__c.Description__c</field>
        <readable>false</readable>
    </fieldPermissions>
    <fieldPermissions>
        <editable>false</editable>
        <field>GL_Account__c.Code__c</field>
        <readable>false</readable>
    </fieldPermissions>
    <fieldPermissions>
        <editable>false</editable>
        <field>GL_Account__c.Description__c</field>
        <readable>false</readable>
    </fieldPermissions>
    <fieldPermissions>
        <editable>false</editable>
        <field>Level__c.BB_ID__c</field>
        <readable>false</readable>
    </fieldPermissions>
    <fieldPermissions>
        <editable>false</editable>
        <field>Level__c.Code__c</field>
        <readable>false</readable>
    </fieldPermissions>
    <fieldPermissions>
        <editable>false</editable>
        <field>Level__c.Description__c</field>
        <readable>false</readable>
    </fieldPermissions>
    <fieldPermissions>
        <editable>false</editable>
        <field>Level__c.Level__c</field>
        <readable>false</readable>
    </fieldPermissions>
    <fieldPermissions>
        <editable>false</editable>
        <field>Organization__c.BB_ID__c</field>
        <readable>false</readable>
    </fieldPermissions>
    <fieldPermissions>
        <editable>false</editable>
        <field>Organization__c.Email__c</field>
        <readable>false</readable>
    </fieldPermissions>
    <fieldPermissions>
        <editable>false</editable>
        <field>Organization__c.Legal_Name__c</field>
        <readable>false</readable>
    </fieldPermissions>
    <fieldPermissions>
        <editable>false</editable>
        <field>Organization__c.Tax_ID__c</field>
        <readable>false</readable>
    </fieldPermissions>
    <fieldPermissions>
        <editable>false</editable>
        <field>Organization__c.Vendor_No__c</field>
        <readable>false</readable>
    </fieldPermissions>
    <fieldPermissions>
        <editable>false</editable>
        <field>Payment__c.Amount__c</field>
        <readable>false</readable>
    </fieldPermissions>
    <fieldPermissions>
        <editable>false</editable>
        <field>Payment__c.Check_No__c</field>
        <readable>false</readable>
    </fieldPermissions>
    <fieldPermissions>
        <editable>false</editable>
        <field>Payment__c.Date_Paid__c</field>
        <readable>false</readable>
    </fieldPermissions>
    <fieldPermissions>
        <editable>false</editable>
        <field>Payment__c.Fund__c</field>
        <readable>false</readable>
    </fieldPermissions>
    <fieldPermissions>
        <editable>false</editable>
        <field>Payment__c.GL_Account__c</field>
        <readable>false</readable>
    </fieldPermissions>
    <fieldPermissions>
        <editable>false</editable>
        <field>Payment__c.Notes__c</field>
        <readable>false</readable>
    </fieldPermissions>
    <fieldPermissions>
        <editable>false</editable>
        <field>Payment__c.Organization__c</field>
        <readable>false</readable>
    </fieldPermissions>
    <fieldPermissions>
        <editable>false</editable>
        <field>Payment__c.Request__c</field>
        <readable>false</readable>
    </fieldPermissions>
    <fieldPermissions>
        <editable>false</editable>
        <field>RequestStaff__c.Name__c</field>
        <readable>false</readable>
    </fieldPermissions>
    <fieldPermissions>
        <editable>false</editable>
        <field>RequestStaff__c.Request__c</field>
        <readable>false</readable>
    </fieldPermissions>
    <fieldPermissions>
        <editable>false</editable>
        <field>RequestStaff__c.Role__c</field>
        <readable>false</readable>
    </fieldPermissions>
    <fieldPermissions>
        <editable>false</editable>
        <field>RequestStaff__c.Staff__c</field>
        <readable>false</readable>
    </fieldPermissions>
    <fieldPermissions>
        <editable>false</editable>
        <field>Request_Coding__c.Coding__c</field>
        <readable>false</readable>
    </fieldPermissions>
    <fieldPermissions>
        <editable>false</editable>
        <field>Request_Coding__c.Description__c</field>
        <readable>false</readable>
    </fieldPermissions>
    <fieldPermissions>
        <editable>false</editable>
        <field>Request_Coding__c.Request__c</field>
        <readable>false</readable>
    </fieldPermissions>
    <fieldPermissions>
        <editable>false</editable>
        <field>Request__c.Age_Group_ID__c</field>
        <readable>false</readable>
    </fieldPermissions>
    <fieldPermissions>
        <editable>false</editable>
        <field>Request__c.BB_ID__c</field>
        <readable>false</readable>
    </fieldPermissions>
    <fieldPermissions>
        <editable>false</editable>
        <field>Request__c.Branch_ID__c</field>
        <readable>false</readable>
    </fieldPermissions>
    <fieldPermissions>
        <editable>false</editable>
        <field>Request__c.Contact__c</field>
        <readable>false</readable>
    </fieldPermissions>
    <fieldPermissions>
        <editable>false</editable>
        <field>Request__c.Days_Since_Last_Update__c</field>
        <readable>false</readable>
    </fieldPermissions>
    <fieldPermissions>
        <editable>false</editable>
        <field>Request__c.Days_Since_Request__c</field>
        <readable>false</readable>
    </fieldPermissions>
    <fieldPermissions>
        <editable>false</editable>
        <field>Request__c.Disposition_Date__c</field>
        <readable>false</readable>
    </fieldPermissions>
    <fieldPermissions>
        <editable>false</editable>
        <field>Request__c.Disposition__c</field>
        <readable>false</readable>
    </fieldPermissions>
    <fieldPermissions>
        <editable>false</editable>
        <field>Request__c.Ethnicity_ID__c</field>
        <readable>false</readable>
    </fieldPermissions>
    <fieldPermissions>
        <editable>false</editable>
        <field>Request__c.Fund_ID__c</field>
        <readable>false</readable>
    </fieldPermissions>
    <fieldPermissions>
        <editable>false</editable>
        <field>Request__c.Gender_ID__c</field>
        <readable>false</readable>
    </fieldPermissions>
    <fieldPermissions>
        <editable>false</editable>
        <field>Request__c.Geographical_Area_Served_ID__c</field>
        <readable>false</readable>
    </fieldPermissions>
    <fieldPermissions>
        <editable>false</editable>
        <field>Request__c.Grant_Amount__c</field>
        <readable>false</readable>
    </fieldPermissions>
    <fieldPermissions>
        <editable>false</editable>
        <field>Request__c.Grant_Fiscal_Year__c</field>
        <readable>false</readable>
    </fieldPermissions>
    <fieldPermissions>
        <editable>false</editable>
        <field>Request__c.Internal_Program_ID__c</field>
        <readable>false</readable>
    </fieldPermissions>
    <fieldPermissions>
        <editable>false</editable>
        <field>Request__c.Is_Complete__c</field>
        <readable>false</readable>
    </fieldPermissions>
    <fieldPermissions>
        <editable>false</editable>
        <field>Request__c.Organization__c</field>
        <readable>false</readable>
    </fieldPermissions>
    <fieldPermissions>
        <editable>false</editable>
        <field>Request__c.Population_Served_ID__c</field>
        <readable>false</readable>
    </fieldPermissions>
    <fieldPermissions>
        <editable>false</editable>
        <field>Request__c.Program_Area_ID__c</field>
        <readable>false</readable>
    </fieldPermissions>
    <fieldPermissions>
        <editable>false</editable>
        <field>Request__c.Project_End_Date__c</field>
        <readable>false</readable>
    </fieldPermissions>
    <fieldPermissions>
        <editable>false</editable>
        <field>Request__c.Project_Start_Date__c</field>
        <readable>false</readable>
    </fieldPermissions>
    <fieldPermissions>
        <editable>false</editable>
        <field>Request__c.Project_Title__c</field>
        <readable>false</readable>
    </fieldPermissions>
    <fieldPermissions>
        <editable>false</editable>
        <field>Request__c.Recommended_Amount__c</field>
        <readable>false</readable>
    </fieldPermissions>
    <fieldPermissions>
        <editable>false</editable>
        <field>Request__c.Request_Date__c</field>
        <readable>false</readable>
    </fieldPermissions>
    <fieldPermissions>
        <editable>false</editable>
        <field>Request__c.Requested_Amount__c</field>
        <readable>false</readable>
    </fieldPermissions>
    <fieldPermissions>
        <editable>false</editable>
        <field>Request__c.Stage_1_Form_ID__c</field>
        <readable>false</readable>
    </fieldPermissions>
    <fieldPermissions>
        <editable>false</editable>
        <field>Request__c.Status__c</field>
        <readable>false</readable>
    </fieldPermissions>
    <fieldPermissions>
        <editable>false</editable>
        <field>Request__c.Type__c</field>
        <readable>false</readable>
    </fieldPermissions>
    <fieldPermissions>
        <editable>false</editable>
        <field>Request__c.Type_of_Support_ID__c</field>
        <readable>false</readable>
    </fieldPermissions>
    <fieldPermissions>
        <editable>false</editable>
        <field>Staff__c.BB_ID__c</field>
        <readable>false</readable>
    </fieldPermissions>
    <fieldPermissions>
        <editable>false</editable>
        <field>Staff__c.Login_ID__c</field>
        <readable>false</readable>
    </fieldPermissions>
    <fieldPermissions>
        <editable>false</editable>
        <field>Staff__c.Name__c</field>
        <readable>false</readable>
    </fieldPermissions>
    <fieldPermissions>
        <editable>false</editable>
        <field>Status__c.BB_ID__c</field>
        <readable>false</readable>
    </fieldPermissions>
    <fieldPermissions>
        <editable>false</editable>
        <field>Status__c.Code__c</field>
        <readable>false</readable>
    </fieldPermissions>
    <fieldPermissions>
        <editable>false</editable>
        <field>Status__c.Description__c</field>
        <readable>false</readable>
    </fieldPermissions>
    <fieldPermissions>
        <editable>false</editable>
        <field>Type__c.BB_ID__c</field>
        <readable>false</readable>
    </fieldPermissions>
    <fieldPermissions>
        <editable>false</editable>
        <field>Type__c.Code__c</field>
        <readable>false</readable>
    </fieldPermissions>
    <fieldPermissions>
        <editable>false</editable>
        <field>Type__c.Description__c</field>
        <readable>false</readable>
    </fieldPermissions>
    <layoutAssignments>
        <layout>Account-Account Layout</layout>
    </layoutAssignments>
    <layoutAssignments>
        <layout>Address-Address Layout</layout>
    </layoutAssignments>
    <layoutAssignments>
        <layout>AlternativePaymentMethod-Alternative Payment Method Layout</layout>
    </layoutAssignments>
    <layoutAssignments>
        <layout>ApiAnomalyEventStore-API Anomaly Event Store Layout</layout>
    </layoutAssignments>
    <layoutAssignments>
        <layout>ApptBundleConfig-Appointment Bundle Config Layout</layout>
    </layoutAssignments>
    <layoutAssignments>
        <layout>ApptBundlePolicy-Appointment Bundle Policy Layout</layout>
    </layoutAssignments>
    <layoutAssignments>
        <layout>Asset-Asset Layout</layout>
    </layoutAssignments>
    <layoutAssignments>
        <layout>AssetAction-Asset Action Layout</layout>
    </layoutAssignments>
    <layoutAssignments>
        <layout>AssetActionSource-Asset Action Source Layout</layout>
    </layoutAssignments>
    <layoutAssignments>
        <layout>AssetRelationship-Asset Relationship Layout</layout>
    </layoutAssignments>
    <layoutAssignments>
        <layout>AssetStatePeriod-Asset State Period Layout</layout>
    </layoutAssignments>
    <layoutAssignments>
        <layout>AssignedResource-Assigned Resource Layout</layout>
    </layoutAssignments>
    <layoutAssignments>
        <layout>AssociatedLocation-Associated Location Layout</layout>
    </layoutAssignments>
    <layoutAssignments>
        <layout>AuthorizationForm-Authorization Form Layout</layout>
    </layoutAssignments>
    <layoutAssignments>
        <layout>AuthorizationFormConsent-Authorization Form Consent Layout</layout>
    </layoutAssignments>
    <layoutAssignments>
        <layout>AuthorizationFormDataUse-Authorization Form Data Use Layout</layout>
    </layoutAssignments>
    <layoutAssignments>
        <layout>AuthorizationFormText-Authorization Form Text Layout</layout>
    </layoutAssignments>
    <layoutAssignments>
        <layout>Branch__c-Branch Layout</layout>
    </layoutAssignments>
    <layoutAssignments>
        <layout>BusinessBrand-Business Brand Layout</layout>
    </layoutAssignments>
    <layoutAssignments>
        <layout>Campaign-Campaign Layout</layout>
    </layoutAssignments>
    <layoutAssignments>
        <layout>CampaignMember-Campaign Member Page Layout</layout>
    </layoutAssignments>
    <layoutAssignments>
        <layout>CardPaymentMethod-Card Payment Method Layout</layout>
    </layoutAssignments>
    <layoutAssignments>
        <layout>Case-Case Layout</layout>
    </layoutAssignments>
    <layoutAssignments>
        <layout>CaseClose-Close Case Layout</layout>
    </layoutAssignments>
    <layoutAssignments>
        <layout>CaseMilestone-Case Milestone Layout</layout>
    </layoutAssignments>
    <layoutAssignments>
        <layout>Code_Table__c-CodeTable Layout</layout>
    </layoutAssignments>
    <layoutAssignments>
        <layout>CodingCodeTable__c-CodingCodeTable Layout</layout>
    </layoutAssignments>
    <layoutAssignments>
        <layout>CodingLevel__c-CodingLevel Layout</layout>
    </layoutAssignments>
    <layoutAssignments>
        <layout>Coding__c-Coding Layout</layout>
    </layoutAssignments>
    <layoutAssignments>
        <layout>CommunityMemberLayout-Community Member Layout</layout>
    </layoutAssignments>
    <layoutAssignments>
        <layout>ConsumptionRate-Consumption Rate Layout</layout>
    </layoutAssignments>
    <layoutAssignments>
        <layout>ConsumptionSchedule-Consumption Schedule Layout</layout>
    </layoutAssignments>
    <layoutAssignments>
        <layout>Contact-Contact Layout</layout>
    </layoutAssignments>
    <layoutAssignments>
        <layout>ContactPointAddress-Contact Point Address Layout</layout>
    </layoutAssignments>
    <layoutAssignments>
        <layout>ContactPointEmail-Contact Point Email Layout</layout>
    </layoutAssignments>
    <layoutAssignments>
        <layout>ContactPointPhone-Contact Point Phone Layout</layout>
    </layoutAssignments>
    <layoutAssignments>
        <layout>ContactPointTypeConsent-Contact Point Type Consent Layout</layout>
    </layoutAssignments>
    <layoutAssignments>
        <layout>Contact__c-Contact Layout</layout>
    </layoutAssignments>
    <layoutAssignments>
        <layout>ContentVersion-Content Version Layout</layout>
    </layoutAssignments>
    <layoutAssignments>
        <layout>Contract-Contract Layout</layout>
    </layoutAssignments>
    <layoutAssignments>
        <layout>ContractGroupPlan-Contract Group Plan Layout</layout>
    </layoutAssignments>
    <layoutAssignments>
        <layout>ContractLineItem-Contract Line Item Layout</layout>
    </layoutAssignments>
    <layoutAssignments>
        <layout>CredentialStuffingEventStore-Credential Stuffing Event Store Layout</layout>
    </layoutAssignments>
    <layoutAssignments>
        <layout>CreditMemo-Credit Memo Layout</layout>
    </layoutAssignments>
    <layoutAssignments>
        <layout>CreditMemoLine-Credit Memo Line Layout</layout>
    </layoutAssignments>
    <layoutAssignments>
        <layout>CspTrustedSite-Content Security Policy Trusted Site Layout</layout>
    </layoutAssignments>
    <layoutAssignments>
        <layout>Customer-Customer Layout</layout>
    </layoutAssignments>
    <layoutAssignments>
        <layout>DandBCompany-D%26B Company Layout</layout>
    </layoutAssignments>
    <layoutAssignments>
        <layout>DataUseLegalBasis-Data Use Legal Basis Layout</layout>
    </layoutAssignments>
    <layoutAssignments>
        <layout>DataUsePurpose-Data Use Purpose Layout</layout>
    </layoutAssignments>
    <layoutAssignments>
        <layout>Declination_Reason__c-Declination Reason Layout</layout>
    </layoutAssignments>
    <layoutAssignments>
        <layout>DigitalWallet-Digital Wallet Layout</layout>
    </layoutAssignments>
    <layoutAssignments>
        <layout>DuplicateRecordSet-Duplicate Record Set Layout</layout>
    </layoutAssignments>
    <layoutAssignments>
        <layout>EmailMessage-Email Message Layout</layout>
    </layoutAssignments>
    <layoutAssignments>
        <layout>Entitlement-Entitlement Layout</layout>
    </layoutAssignments>
    <layoutAssignments>
        <layout>EntityMilestone-Object Milestone Layout</layout>
    </layoutAssignments>
    <layoutAssignments>
        <layout>Event-Event Layout</layout>
    </layoutAssignments>
    <layoutAssignments>
        <layout>Expense-Expense Layout</layout>
    </layoutAssignments>
    <layoutAssignments>
        <layout>ExpenseReport-Expense Report Layout</layout>
    </layoutAssignments>
    <layoutAssignments>
        <layout>ExpenseReportEntry-Expense Report Entry Layout</layout>
    </layoutAssignments>
    <layoutAssignments>
        <layout>FeedItem-Feed Item Layout</layout>
    </layoutAssignments>
    <layoutAssignments>
        <layout>FinanceBalanceSnapshot-Finance Balance Snapshot Layout</layout>
    </layoutAssignments>
    <layoutAssignments>
        <layout>FinanceTransaction-Finance Transaction Layout</layout>
    </layoutAssignments>
    <layoutAssignments>
        <layout>Fund__c-Fund Layout</layout>
    </layoutAssignments>
    <layoutAssignments>
        <layout>GL_Account__c-GL Account Layout</layout>
    </layoutAssignments>
    <layoutAssignments>
        <layout>Global-Global Layout</layout>
    </layoutAssignments>
    <layoutAssignments>
        <layout>Goal-Goal Layout</layout>
    </layoutAssignments>
    <layoutAssignments>
        <layout>GoalLink-Goal Link Layout</layout>
    </layoutAssignments>
    <layoutAssignments>
        <layout>GroupCensus-Group Census Layout</layout>
    </layoutAssignments>
    <layoutAssignments>
        <layout>GroupCensusMember-Group Census Member Layout</layout>
    </layoutAssignments>
    <layoutAssignments>
        <layout>GroupClass-Group Class Layout</layout>
    </layoutAssignments>
    <layoutAssignments>
        <layout>GroupClassContribution-Group Class Contribution Layout</layout>
    </layoutAssignments>
    <layoutAssignments>
        <layout>Idea-Idea Layout</layout>
    </layoutAssignments>
    <layoutAssignments>
        <layout>Individual-Individual Layout</layout>
    </layoutAssignments>
    <layoutAssignments>
        <layout>InsuranceContract-Insurance Contract Layout</layout>
    </layoutAssignments>
    <layoutAssignments>
        <layout>Invoice-Invoice Layout</layout>
    </layoutAssignments>
    <layoutAssignments>
        <layout>InvoiceLine-Invoice Line Layout</layout>
    </layoutAssignments>
    <layoutAssignments>
        <layout>JobProfile-Job Profile Layout</layout>
    </layoutAssignments>
    <layoutAssignments>
        <layout>JobTracker-Job Tracker Layout - Winter %2716</layout>
    </layoutAssignments>
    <layoutAssignments>
        <layout>Lead-Lead Layout</layout>
    </layoutAssignments>
    <layoutAssignments>
        <layout>LegalEntity-Legal Entity Layout</layout>
    </layoutAssignments>
    <layoutAssignments>
        <layout>Level__c-Level Layout</layout>
    </layoutAssignments>
    <layoutAssignments>
        <layout>Location-Location Layout</layout>
    </layoutAssignments>
    <layoutAssignments>
        <layout>Macro-Macro Layout</layout>
    </layoutAssignments>
    <layoutAssignments>
        <layout>MaintenanceAsset-Maintenance Asset Layout</layout>
    </layoutAssignments>
    <layoutAssignments>
        <layout>MaintenancePlan-Maintenance Plan Layout</layout>
    </layoutAssignments>
    <layoutAssignments>
        <layout>MaintenanceWorkRule-Maintenance Work Rule Layout</layout>
    </layoutAssignments>
    <layoutAssignments>
        <layout>Metric-Metric Layout</layout>
    </layoutAssignments>
    <layoutAssignments>
        <layout>MetricDataLink-Metric Data Link Layout</layout>
    </layoutAssignments>
    <layoutAssignments>
        <layout>OperatingHours-Operating Hours Layout</layout>
    </layoutAssignments>
    <layoutAssignments>
        <layout>OperatingHoursHoliday-Operating Hours Holiday Layout</layout>
    </layoutAssignments>
    <layoutAssignments>
        <layout>Opportunity-Opportunity Layout</layout>
    </layoutAssignments>
    <layoutAssignments>
        <layout>OpportunityLineItem-Opportunity Product Layout</layout>
    </layoutAssignments>
    <layoutAssignments>
        <layout>Order-Order Layout</layout>
    </layoutAssignments>
    <layoutAssignments>
        <layout>OrderItem-Order Product Layout</layout>
    </layoutAssignments>
    <layoutAssignments>
        <layout>Organization__c-Organization Layout</layout>
    </layoutAssignments>
    <layoutAssignments>
        <layout>Payment-Payment Layout</layout>
    </layoutAssignments>
    <layoutAssignments>
        <layout>PaymentAuthAdjustment-Payment Authorization Adjustment Layout</layout>
    </layoutAssignments>
    <layoutAssignments>
        <layout>PaymentAuthorization-Payment Authorization Layout</layout>
    </layoutAssignments>
    <layoutAssignments>
        <layout>PaymentGateway-Payment Gateway Layout</layout>
    </layoutAssignments>
    <layoutAssignments>
        <layout>PaymentGatewayLog-Payment Gateway Log Layout</layout>
    </layoutAssignments>
    <layoutAssignments>
        <layout>PaymentGroup-Payment Group Layout</layout>
    </layoutAssignments>
    <layoutAssignments>
        <layout>PaymentLineInvoice-Payment Line Invoice Layout</layout>
    </layoutAssignments>
    <layoutAssignments>
        <layout>Payment__c-Payment Layout</layout>
    </layoutAssignments>
    <layoutAssignments>
        <layout>Pricebook2-Price Book Layout</layout>
    </layoutAssignments>
    <layoutAssignments>
        <layout>PricebookEntry-Price Book Entry Layout</layout>
    </layoutAssignments>
    <layoutAssignments>
        <layout>ProcessException-Process Exception Layout</layout>
    </layoutAssignments>
    <layoutAssignments>
        <layout>Product2-Product Layout</layout>
    </layoutAssignments>
    <layoutAssignments>
        <layout>ProductConsumed-Product Consumed Layout</layout>
    </layoutAssignments>
    <layoutAssignments>
        <layout>ProductConsumedState-Product Consumed State Layout</layout>
    </layoutAssignments>
    <layoutAssignments>
        <layout>ProductConsumptionSchedule-Product Consumption Schedule Layout</layout>
    </layoutAssignments>
    <layoutAssignments>
        <layout>ProductItem-Product Item Layout</layout>
    </layoutAssignments>
    <layoutAssignments>
        <layout>ProductItemTransaction-Product Item Transaction Layout</layout>
    </layoutAssignments>
    <layoutAssignments>
        <layout>ProductRequest-Product Request Layout</layout>
    </layoutAssignments>
    <layoutAssignments>
        <layout>ProductRequestLineItem-Product Request Line Item Layout</layout>
    </layoutAssignments>
    <layoutAssignments>
        <layout>ProductRequired-Product Required Layout</layout>
    </layoutAssignments>
    <layoutAssignments>
        <layout>ProductServiceCampaign-Product Service Campaign Layout</layout>
    </layoutAssignments>
    <layoutAssignments>
        <layout>ProductServiceCampaignItem-Product Service Campaign Item Layout</layout>
    </layoutAssignments>
    <layoutAssignments>
        <layout>ProductTransfer-Product Transfer Layout</layout>
    </layoutAssignments>
    <layoutAssignments>
        <layout>ProductTransferState-Product Transfer State Layout</layout>
    </layoutAssignments>
    <layoutAssignments>
        <layout>ProfileSkill-Skill Layout</layout>
    </layoutAssignments>
    <layoutAssignments>
        <layout>ProfileSkillEndorsement-Endorsement Layout</layout>
    </layoutAssignments>
    <layoutAssignments>
        <layout>ProfileSkillUser-Skill User Layout</layout>
    </layoutAssignments>
    <layoutAssignments>
        <layout>QuickText-Quick Text Layout</layout>
    </layoutAssignments>
    <layoutAssignments>
        <layout>RecordsetFilterCriteria-Recordset Filter Criteria Layout</layout>
    </layoutAssignments>
    <layoutAssignments>
        <layout>RecordsetFilterCriteriaRule-Recordset Filter Criteria Rule Layout</layout>
    </layoutAssignments>
    <layoutAssignments>
        <layout>Refund-Refund Layout</layout>
    </layoutAssignments>
    <layoutAssignments>
        <layout>RefundLinePayment-Refund Line Payment Layout</layout>
    </layoutAssignments>
    <layoutAssignments>
        <layout>ReportAnomalyEventStore-Report Anomaly Event Store Layout</layout>
    </layoutAssignments>
    <layoutAssignments>
        <layout>RequestStaff__c-RequestStaff Layout</layout>
    </layoutAssignments>
    <layoutAssignments>
        <layout>Request_Coding__c-RequestCoding Layout</layout>
    </layoutAssignments>
    <layoutAssignments>
        <layout>Request__c-Request Layout</layout>
    </layoutAssignments>
    <layoutAssignments>
        <layout>ResourceAbsence-Resource Absence Layout</layout>
    </layoutAssignments>
    <layoutAssignments>
        <layout>ResourcePreference-Resource Preference Layout</layout>
    </layoutAssignments>
    <layoutAssignments>
        <layout>ReturnOrder-Return Order Layout</layout>
    </layoutAssignments>
    <layoutAssignments>
        <layout>ReturnOrderLineItem-Return Order Line Item Layout</layout>
    </layoutAssignments>
    <layoutAssignments>
        <layout>SchedulingConstraint-Scheduling Constraint Layout</layout>
    </layoutAssignments>
    <layoutAssignments>
        <layout>SchedulingObjective-Scheduling Objective Layout</layout>
    </layoutAssignments>
    <layoutAssignments>
        <layout>SchedulingRule-Scheduling Rule Layout</layout>
    </layoutAssignments>
    <layoutAssignments>
        <layout>Scorecard-Scorecard Layout</layout>
    </layoutAssignments>
    <layoutAssignments>
        <layout>ScorecardAssociation-Scorecard Association Layout</layout>
    </layoutAssignments>
    <layoutAssignments>
        <layout>ScorecardMetric-Scorecard Metric Layout</layout>
    </layoutAssignments>
    <layoutAssignments>
        <layout>Seller-Seller Layout</layout>
    </layoutAssignments>
    <layoutAssignments>
        <layout>ServiceAppointment-Service Appointment Layout</layout>
    </layoutAssignments>
    <layoutAssignments>
        <layout>ServiceContract-Service Contract Layout</layout>
    </layoutAssignments>
    <layoutAssignments>
        <layout>ServiceCrew-Service Crew Layout</layout>
    </layoutAssignments>
    <layoutAssignments>
        <layout>ServiceCrewMember-Service Crew Member Layout</layout>
    </layoutAssignments>
    <layoutAssignments>
        <layout>ServiceResource-Service Resource Layout</layout>
    </layoutAssignments>
    <layoutAssignments>
        <layout>ServiceResourceCapacity-Resource Capacity Layout</layout>
    </layoutAssignments>
    <layoutAssignments>
        <layout>ServiceResourcePreference-Service Resource Preference Layout</layout>
    </layoutAssignments>
    <layoutAssignments>
        <layout>ServiceResourceSkill-Service Resource Skill Layout</layout>
    </layoutAssignments>
    <layoutAssignments>
        <layout>ServiceTerritory-Service Territory Layout</layout>
    </layoutAssignments>
    <layoutAssignments>
        <layout>ServiceTerritoryMember-Service Territory Member Layout</layout>
    </layoutAssignments>
    <layoutAssignments>
        <layout>SessionHijackingEventStore-Session Hijacking Event Store Layout</layout>
    </layoutAssignments>
    <layoutAssignments>
        <layout>Shift-Shift Layout</layout>
    </layoutAssignments>
    <layoutAssignments>
        <layout>ShiftPattern-Shift Pattern Layout</layout>
    </layoutAssignments>
    <layoutAssignments>
        <layout>ShiftPatternEntry-Shift Pattern Entry Layout</layout>
    </layoutAssignments>
    <layoutAssignments>
        <layout>ShiftSchedulingOperation-Shift Scheduling Operation Layout</layout>
    </layoutAssignments>
    <layoutAssignments>
        <layout>ShiftTemplate-Shift Template Layout</layout>
    </layoutAssignments>
    <layoutAssignments>
        <layout>Shipment-Shipment Layout</layout>
    </layoutAssignments>
    <layoutAssignments>
        <layout>SkillRequirement-Skill Requirement Layout</layout>
    </layoutAssignments>
    <layoutAssignments>
        <layout>SocialPersona-Social Persona Layout</layout>
    </layoutAssignments>
    <layoutAssignments>
        <layout>Solution-Solution Layout</layout>
    </layoutAssignments>
    <layoutAssignments>
        <layout>Staff__c-Staff Layout</layout>
    </layoutAssignments>
    <layoutAssignments>
        <layout>Status__c-Status Layout</layout>
    </layoutAssignments>
    <layoutAssignments>
        <layout>Task-Task Layout</layout>
    </layoutAssignments>
    <layoutAssignments>
        <layout>ThreatDetectionFeedback-Threat Detection Feedback Layout</layout>
    </layoutAssignments>
    <layoutAssignments>
        <layout>TimeSheet-Time Sheet Layout</layout>
    </layoutAssignments>
    <layoutAssignments>
        <layout>TimeSheetEntry-Time Sheet Entry Layout</layout>
    </layoutAssignments>
    <layoutAssignments>
        <layout>TimeSlot-Time Slot Layout</layout>
    </layoutAssignments>
    <layoutAssignments>
        <layout>TravelMode-Travel Mode Layout</layout>
    </layoutAssignments>
    <layoutAssignments>
        <layout>Type__c-Type Layout</layout>
    </layoutAssignments>
    <layoutAssignments>
        <layout>User-User Layout</layout>
    </layoutAssignments>
    <layoutAssignments>
        <layout>UserAlt-User Profile Layout</layout>
    </layoutAssignments>
    <layoutAssignments>
        <layout>UserProvAccount-User Provisioning Account Layout</layout>
    </layoutAssignments>
    <layoutAssignments>
        <layout>UserProvisioningLog-User Provisioning Log Layout</layout>
    </layoutAssignments>
    <layoutAssignments>
        <layout>UserProvisioningRequest-User Provisioning Request Layout</layout>
    </layoutAssignments>
    <layoutAssignments>
        <layout>WarrantyTerm-Warranty Term Layout</layout>
    </layoutAssignments>
    <layoutAssignments>
        <layout>WorkAccess-Access Layout</layout>
    </layoutAssignments>
    <layoutAssignments>
        <layout>WorkBadge-Badge Received Layout</layout>
    </layoutAssignments>
    <layoutAssignments>
        <layout>WorkBadgeDefinition-Badge Layout</layout>
    </layoutAssignments>
    <layoutAssignments>
        <layout>WorkCoaching-Coaching Layout</layout>
    </layoutAssignments>
    <layoutAssignments>
        <layout>WorkFeedback-Feedback Layout</layout>
    </layoutAssignments>
    <layoutAssignments>
        <layout>WorkFeedbackQuestion-Feedback Question Layout - Winter %2716</layout>
    </layoutAssignments>
    <layoutAssignments>
        <layout>WorkFeedbackQuestionSet-Feedback Question Set Layout - Winter %2716</layout>
    </layoutAssignments>
    <layoutAssignments>
        <layout>WorkFeedbackRequest-Feedback Request Layout - Winter %2716</layout>
    </layoutAssignments>
    <layoutAssignments>
        <layout>WorkFeedbackTemplate-Feedback Template Layout</layout>
    </layoutAssignments>
    <layoutAssignments>
        <layout>WorkOrder-Work Order Layout</layout>
    </layoutAssignments>
    <layoutAssignments>
        <layout>WorkOrderLineItem-Work Order Line Item Layout</layout>
    </layoutAssignments>
    <layoutAssignments>
        <layout>WorkPerformanceCycle-Performance Cycle Layout - Winter %2716</layout>
    </layoutAssignments>
    <layoutAssignments>
        <layout>WorkPlan-Work Plan Layout</layout>
    </layoutAssignments>
    <layoutAssignments>
        <layout>WorkPlanSelectionRule-Work Plan Selection Rule Layout</layout>
    </layoutAssignments>
    <layoutAssignments>
        <layout>WorkPlanTemplate-Work Plan Template Layout</layout>
    </layoutAssignments>
    <layoutAssignments>
        <layout>WorkPlanTemplateEntry-Work Plan Template Entry Layout</layout>
    </layoutAssignments>
    <layoutAssignments>
        <layout>WorkReward-Reward Layout</layout>
    </layoutAssignments>
    <layoutAssignments>
        <layout>WorkRewardFund-Reward Fund Layout</layout>
    </layoutAssignments>
    <layoutAssignments>
        <layout>WorkRewardFundType-Reward Fund Type Layout</layout>
    </layoutAssignments>
    <layoutAssignments>
        <layout>WorkStep-Work Step Layout</layout>
    </layoutAssignments>
    <layoutAssignments>
        <layout>WorkStepTemplate-Work Step Template Layout</layout>
    </layoutAssignments>
    <layoutAssignments>
        <layout>WorkThanks-Thanks Layout</layout>
    </layoutAssignments>
    <layoutAssignments>
        <layout>WorkType-Work Type Layout</layout>
    </layoutAssignments>
    <layoutAssignments>
        <layout>WorkTypeGroup-Work Type Group Layout</layout>
    </layoutAssignments>
    <tabVisibilities>
        <tab>Branch__c</tab>
        <visibility>Hidden</visibility>
    </tabVisibilities>
    <tabVisibilities>
        <tab>Code_Table__c</tab>
        <visibility>Hidden</visibility>
    </tabVisibilities>
    <tabVisibilities>
        <tab>Coding__c</tab>
        <visibility>Hidden</visibility>
    </tabVisibilities>
    <tabVisibilities>
        <tab>Contact__c</tab>
        <visibility>Hidden</visibility>
    </tabVisibilities>
    <tabVisibilities>
        <tab>Declination_Reason__c</tab>
        <visibility>Hidden</visibility>
    </tabVisibilities>
    <tabVisibilities>
        <tab>Fund__c</tab>
        <visibility>Hidden</visibility>
    </tabVisibilities>
    <tabVisibilities>
        <tab>GL_Account__c</tab>
        <visibility>Hidden</visibility>
    </tabVisibilities>
    <tabVisibilities>
        <tab>Level__c</tab>
        <visibility>Hidden</visibility>
    </tabVisibilities>
    <tabVisibilities>
        <tab>Organization__c</tab>
        <visibility>Hidden</visibility>
    </tabVisibilities>
    <tabVisibilities>
        <tab>Payment__c</tab>
        <visibility>Hidden</visibility>
    </tabVisibilities>
    <tabVisibilities>
        <tab>Request__c</tab>
        <visibility>Hidden</visibility>
    </tabVisibilities>
    <tabVisibilities>
        <tab>Staff__c</tab>
        <visibility>Hidden</visibility>
    </tabVisibilities>
    <tabVisibilities>
        <tab>Status__c</tab>
        <visibility>Hidden</visibility>
    </tabVisibilities>
    <tabVisibilities>
        <tab>Type__c</tab>
        <visibility>Hidden</visibility>
    </tabVisibilities>
    <userLicense>Customer Community Login</userLicense>
    <userPermissions>
        <enabled>true</enabled>
        <name>ActivitiesAccess</name>
    </userPermissions>
    <userPermissions>
        <enabled>true</enabled>
        <name>AddDirectMessageMembers</name>
    </userPermissions>
    <userPermissions>
        <enabled>true</enabled>
        <name>AllowUniversalSearch</name>
    </userPermissions>
    <userPermissions>
        <enabled>true</enabled>
        <name>AssignTopics</name>
    </userPermissions>
    <userPermissions>
        <enabled>true</enabled>
        <name>ChatterOwnGroups</name>
    </userPermissions>
    <userPermissions>
        <enabled>true</enabled>
        <name>CreateTopics</name>
    </userPermissions>
    <userPermissions>
        <enabled>true</enabled>
        <name>EnableCommunityAppLauncher</name>
    </userPermissions>
    <userPermissions>
        <enabled>true</enabled>
        <name>EnableNotifications</name>
    </userPermissions>
    <userPermissions>
        <enabled>true</enabled>
        <name>FieldServiceAccess</name>
    </userPermissions>
    <userPermissions>
        <enabled>true</enabled>
        <name>RemoveDirectMessageMembers</name>
    </userPermissions>
    <userPermissions>
        <enabled>true</enabled>
        <name>RunFlow</name>
    </userPermissions>
    <userPermissions>
        <enabled>true</enabled>
        <name>SelectFilesFromSalesforce</name>
    </userPermissions>
    <userPermissions>
        <enabled>true</enabled>
        <name>ShowCompanyNameAsUserBadge</name>
    </userPermissions>
    <userPermissions>
        <enabled>true</enabled>
        <name>UseWebLink</name>
    </userPermissions>
    <userPermissions>
        <enabled>true</enabled>
        <name>WorkDotComUserPerm</name>
    </userPermissions>
</Profile>
