<?xml version="1.0" encoding="UTF-8"?>
<CustomObject xmlns="http://soap.sforce.com/2006/04/metadata">
    <actionOverrides>
        <actionName>Accept</actionName>
        <type>Default</type>
    </actionOverrides>
    <actionOverrides>
        <actionName>Accept</actionName>
        <formFactor>Large</formFactor>
        <type>Default</type>
    </actionOverrides>
    <actionOverrides>
        <actionName>Accept</actionName>
        <formFactor>Small</formFactor>
        <type>Default</type>
    </actionOverrides>
    <actionOverrides>
        <actionName>CancelEdit</actionName>
        <type>Default</type>
    </actionOverrides>
    <actionOverrides>
        <actionName>CancelEdit</actionName>
        <formFactor>Large</formFactor>
        <type>Default</type>
    </actionOverrides>
    <actionOverrides>
        <actionName>CancelEdit</actionName>
        <formFactor>Small</formFactor>
        <type>Default</type>
    </actionOverrides>
    <actionOverrides>
        <actionName>Clone</actionName>
        <type>Default</type>
    </actionOverrides>
    <actionOverrides>
        <actionName>Clone</actionName>
        <formFactor>Large</formFactor>
        <type>Default</type>
    </actionOverrides>
    <actionOverrides>
        <actionName>Clone</actionName>
        <formFactor>Small</formFactor>
        <type>Default</type>
    </actionOverrides>
    <actionOverrides>
        <actionName>Delete</actionName>
        <type>Default</type>
    </actionOverrides>
    <actionOverrides>
        <actionName>Delete</actionName>
        <formFactor>Large</formFactor>
        <type>Default</type>
    </actionOverrides>
    <actionOverrides>
        <actionName>Delete</actionName>
        <formFactor>Small</formFactor>
        <type>Default</type>
    </actionOverrides>
    <actionOverrides>
        <actionName>Edit</actionName>
        <type>Default</type>
    </actionOverrides>
    <actionOverrides>
        <actionName>Edit</actionName>
        <formFactor>Large</formFactor>
        <type>Default</type>
    </actionOverrides>
    <actionOverrides>
        <actionName>Edit</actionName>
        <formFactor>Small</formFactor>
        <type>Default</type>
    </actionOverrides>
    <actionOverrides>
        <actionName>List</actionName>
        <type>Default</type>
    </actionOverrides>
    <actionOverrides>
        <actionName>List</actionName>
        <formFactor>Large</formFactor>
        <type>Default</type>
    </actionOverrides>
    <actionOverrides>
        <actionName>List</actionName>
        <formFactor>Small</formFactor>
        <type>Default</type>
    </actionOverrides>
    <actionOverrides>
        <actionName>New</actionName>
        <type>Default</type>
    </actionOverrides>
    <actionOverrides>
        <actionName>New</actionName>
        <formFactor>Large</formFactor>
        <type>Default</type>
    </actionOverrides>
    <actionOverrides>
        <actionName>New</actionName>
        <formFactor>Small</formFactor>
        <type>Default</type>
    </actionOverrides>
    <actionOverrides>
        <actionName>SaveEdit</actionName>
        <type>Default</type>
    </actionOverrides>
    <actionOverrides>
        <actionName>SaveEdit</actionName>
        <formFactor>Large</formFactor>
        <type>Default</type>
    </actionOverrides>
    <actionOverrides>
        <actionName>SaveEdit</actionName>
        <formFactor>Small</formFactor>
        <type>Default</type>
    </actionOverrides>
    <actionOverrides>
        <actionName>Tab</actionName>
        <type>Default</type>
    </actionOverrides>
    <actionOverrides>
        <actionName>Tab</actionName>
        <formFactor>Large</formFactor>
        <type>Default</type>
    </actionOverrides>
    <actionOverrides>
        <actionName>Tab</actionName>
        <formFactor>Small</formFactor>
        <type>Default</type>
    </actionOverrides>
    <actionOverrides>
        <actionName>View</actionName>
        <type>Default</type>
    </actionOverrides>
    <actionOverrides>
        <actionName>View</actionName>
        <formFactor>Large</formFactor>
        <type>Default</type>
    </actionOverrides>
    <actionOverrides>
        <actionName>View</actionName>
        <formFactor>Small</formFactor>
        <type>Default</type>
    </actionOverrides>
    <allowInChatterGroups>false</allowInChatterGroups>
    <compactLayoutAssignment>SYSTEM</compactLayoutAssignment>
    <deploymentStatus>Deployed</deploymentStatus>
    <enableActivities>true</enableActivities>
    <enableBulkApi>true</enableBulkApi>
    <enableFeeds>false</enableFeeds>
    <enableHistory>false</enableHistory>
    <enableLicensing>false</enableLicensing>
    <enableReports>true</enableReports>
    <enableSearch>true</enableSearch>
    <enableSharing>true</enableSharing>
    <enableStreamingApi>true</enableStreamingApi>
    <externalSharingModel>Private</externalSharingModel>
    <label>Level</label>
    <nameField>
        <displayFormat>L-{00000}</displayFormat>
        <label>Level ID</label>
        <type>AutoNumber</type>
    </nameField>
    <pluralLabel>Levels</pluralLabel>
    <searchLayouts>
        <searchResultsAdditionalFields>Description__c</searchResultsAdditionalFields>
        <searchResultsAdditionalFields>Level__c</searchResultsAdditionalFields>
        <searchResultsAdditionalFields>Code__c</searchResultsAdditionalFields>
    </searchLayouts>
    <sharingModel>ReadWrite</sharingModel>
    <startsWith>Vowel</startsWith>
    <visibility>Public</visibility>
</CustomObject>
