<?xml version="1.0" encoding="UTF-8"?>
<CustomField xmlns="http://soap.sforce.com/2006/04/metadata">
    <fullName>Disposition__c</fullName>
    <externalId>false</externalId>
    <label>Disposition</label>
    <required>false</required>
    <trackFeedHistory>false</trackFeedHistory>
    <trackHistory>true</trackHistory>
    <trackTrending>false</trackTrending>
    <type>Picklist</type>
    <valueSet>
        <restricted>true</restricted>
        <valueSetName>Disposition</valueSetName>
    </valueSet>
</CustomField>
