<?xml version="1.0" encoding="UTF-8"?>
<CustomField xmlns="http://soap.sforce.com/2006/04/metadata">
    <fullName>Status__c</fullName>
    <deleteConstraint>SetNull</deleteConstraint>
    <externalId>false</externalId>
    <label>Status</label>
    <referenceTo>Status__c</referenceTo>
    <relationshipLabel>Requests</relationshipLabel>
    <relationshipName>Requests</relationshipName>
    <required>false</required>
    <trackFeedHistory>false</trackFeedHistory>
    <trackHistory>true</trackHistory>
    <trackTrending>false</trackTrending>
    <type>Lookup</type>
</CustomField>
