<?xml version="1.0" encoding="UTF-8"?>
<CustomField xmlns="http://soap.sforce.com/2006/04/metadata">
    <fullName>GL_Account__c</fullName>
    <deleteConstraint>SetNull</deleteConstraint>
    <externalId>false</externalId>
    <label>GL Account</label>
    <referenceTo>GL_Account__c</referenceTo>
    <relationshipLabel>Payments</relationshipLabel>
    <relationshipName>Payments</relationshipName>
    <required>false</required>
    <trackTrending>false</trackTrending>
    <type>Lookup</type>
</CustomField>
