<?xml version="1.0" encoding="UTF-8"?>
<FlexiPage xmlns="http://soap.sforce.com/2006/04/metadata">
    <flexiPageRegions>
        <itemInstances>
            <componentInstance>
                <componentInstanceProperties>
                    <name>decorate</name>
                    <value>true</value>
                </componentInstanceProperties>
                <componentInstanceProperties>
                    <name>richTextValue</name>
                    <value>&lt;p&gt;&lt;span style=&quot;font-size: 26px;&quot;&gt;Welcome to your Home Page &lt;/span&gt;&lt;/p&gt;</value>
                </componentInstanceProperties>
                <componentName>flexipage:richText</componentName>
                <identifier>flexipage_richText</identifier>
            </componentInstance>
        </itemInstances>
        <name>top</name>
        <type>Region</type>
    </flexiPageRegions>
    <flexiPageRegions>
        <itemInstances>
            <componentInstance>
                <componentName>runtime_approval_process:pendingApprovalCard</componentName>
                <identifier>runtime_approval_process_pendingApprovalCard</identifier>
            </componentInstance>
        </itemInstances>
        <name>left</name>
        <type>Region</type>
    </flexiPageRegions>
    <flexiPageRegions>
        <itemInstances>
            <componentInstance>
                <componentName>runtime_sales_activities:todayTaskContainer</componentName>
                <identifier>runtime_sales_activities_todayTaskContainer</identifier>
            </componentInstance>
        </itemInstances>
        <name>middle</name>
        <type>Region</type>
    </flexiPageRegions>
    <flexiPageRegions>
        <itemInstances>
            <componentInstance>
                <componentName>home:recentRecordContainer</componentName>
                <identifier>home_recentRecordContainer</identifier>
            </componentInstance>
        </itemInstances>
        <name>right</name>
        <type>Region</type>
    </flexiPageRegions>
    <masterLabel>Grants Home Page</masterLabel>
    <template>
        <name>home:desktopTemplateHeaderThreeColumns</name>
    </template>
    <type>HomePage</type>
</FlexiPage>
