<?xml version="1.0" encoding="UTF-8"?>
<CustomField xmlns="http://soap.sforce.com/2006/04/metadata">
    <fullName>Role__c</fullName>
    <externalId>false</externalId>
    <label>Role</label>
    <required>false</required>
    <trackTrending>false</trackTrending>
    <type>Picklist</type>
    <valueSet>
        <restricted>true</restricted>
        <valueSetDefinition>
            <sorted>false</sorted>
            <value>
                <fullName>Primary</fullName>
                <default>false</default>
                <label>Primary</label>
            </value>
            <value>
                <fullName>Secondary</fullName>
                <default>false</default>
                <label>Secondary</label>
            </value>
        </valueSetDefinition>
    </valueSet>
</CustomField>
